A P J Abdul Kalam Technological University: A P J Abdul Kalam Technological University
AISECT University: AISECT University
AKS University: AKS University
AMET University: AMET University
APG Shimla University (page does not exist): APG Shimla University (page does not exist)
Acharya N.G. Ranga Agricultural University: Acharya N.G. Ranga Agricultural University
Acharya Nagarjuna University: Acharya Nagarjuna University
Adamas University: Adamas University
Adikavi Nannaya University: Adikavi Nannaya University
Ahmedabad University: Ahmedabad University
Alagappa University: Alagappa University
Aliah University: Aliah University
Aligarh Muslim University: Aligarh Muslim University
All India Institute of Medical Sciences Rishikesh: All India Institute of Medical Sciences Rishikesh
All India Institute of Medical Sciences: All India Institute of Medical Sciences
Allahabad State University: Allahabad State University
Alliance University: Alliance University
Along, Arunachal Pradesh: Along, Arunachal Pradesh
Ambedkar University Delhi: Ambedkar University Delhi
Amity University Kolkata: Amity University Kolkata
Amity University, Raipur: Amity University, Raipur
Amity University: Amity University
Amrita University: Amrita University
Amrita Vishwa Vidyapeetham: Amrita Vishwa Vidyapeetham
Andhra Pradesh Open University: Andhra Pradesh Open University
Andhra University: Andhra University
Anna University of Technology Tirunelveli: Anna University of Technology Tirunelveli
Anna University: Anna University
Annamalai University: Annamalai University
Ansal Institute of Technology: Ansal Institute of Technology
Apeejay Education Society: Apeejay Education Society
Apex Professional University: Apex Professional University
Applied sciences: Applied sciences
Arni University: Arni University
Arunachal University of Studies: Arunachal University of Studies
Aryabhatta Knowledge University: Aryabhatta Knowledge University
Ashoka University: Ashoka University
Assam Agricultural University: Assam Agricultural University
Assam Don Bosco University: Assam Don Bosco University
Assam Down Town University: Assam Down Town University
Assam Rajiv Gandhi University of Cooperative Management: Assam Rajiv Gandhi University of Cooperative Management
Assam Science and Technology University: Assam Science and Technology University
Assam University: Assam University
Assam Women's University: Assam Women's University
Atal Bihari Vajpayee Hindi Vishwavidyalaya: Atal Bihari Vajpayee Hindi Vishwavidyalaya
Auro University: Auro University
Avinashilingam University: Avinashilingam University
Awadhesh Pratap Singh University: Awadhesh Pratap Singh University
Ayush & Health Sciences University Chhattisgarh: Ayush & Health Sciences University Chhattisgarh
Azim Premji University: Azim Premji University
B. R. Ambedkar Bihar University: B. R. Ambedkar Bihar University
B. S. Abdur Rahman University: B. S. Abdur Rahman University
Baba Ghulam Shah Badhshah University: Baba Ghulam Shah Badhshah University
Baba Mast Nath University: Baba Mast Nath University
Babasaheb Bhimrao Ambedkar University: Babasaheb Bhimrao Ambedkar University
Babu Banarasi Das University: Babu Banarasi Das University
Baddi University of Emerging Sciences and Technologies: Baddi University of Emerging Sciences and Technologies
Banaras Hindu University: Banaras Hindu University
Banda University of Agriculture and Technology: Banda University of Agriculture and Technology
Bangalore University: Bangalore University
Bankura University: Bankura University
Barkatullah University: Barkatullah University
Bastar University: Bastar University
Bengal Engineering & Science University: Bengal Engineering & Science University
Bhagat Phool Singh Mahila Vishwavidyalaya: Bhagat Phool Singh Mahila Vishwavidyalaya
Bharat University: Bharat University
Bharathiar University: Bharathiar University
Bharathidasan Institute of Management: Bharathidasan Institute of Management
Bharathidasan University: Bharathidasan University
Bharati Vidyapeeth: Bharati Vidyapeeth
Bharti Vidyapeeth: Bharti Vidyapeeth
Bhatkhande Music Institute: Bhatkhande Music Institute
Bhavnagar University: Bhavnagar University
Bhopal School of Social Sciences: Bhopal School of Social Sciences
Bhupendra Narayan Mandal University: Bhupendra Narayan Mandal University
Bidhan Chandra Krishi Viswavidyalaya: Bidhan Chandra Krishi Viswavidyalaya
Bihar Agricultural University: Bihar Agricultural University
Bihar Animal Science University (page does not exist): Bihar Animal Science University (page does not exist)
Bihar Yoga Bharati: Bihar Yoga Bharati
Bilaspur University: Bilaspur University
Bilaspur, Chhattisgarh: Bilaspur, Chhattisgarh
Birla Institute of Technology, Mesra: Birla Institute of Technology, Mesra
Birsa Agricultural University: Birsa Agricultural University
Bodoland University: Bodoland University
Brainware University: Brainware University
Bundelkhand University: Bundelkhand University
CMR University: CMR University
Central Electro Chemical Research Institute: Central Electro Chemical Research Institute
Central Institute of Brackish Water Aquaculture: Central Institute of Brackish Water Aquaculture
Central Institute of Fisheries Education: Central Institute of Fisheries Education
Central Institute of Higher Tibetan Studies: Central Institute of Higher Tibetan Studies
Central Institute of Plastics Engineering and Technology (India) (page does not exist): Central Institute of Plastics Engineering and Technology (India) (page does not exist)
Central Institute of Tool Design: Central Institute of Tool Design
Central Leather Research Institute: Central Leather Research Institute
Central University of Gujarat: Central University of Gujarat
Central University of Haryana: Central University of Haryana
Central University of Himachal Pradesh: Central University of Himachal Pradesh
Central University of Jammu: Central University of Jammu
Central University of Jharkhand: Central University of Jharkhand
Central University of Karnataka: Central University of Karnataka
Central University of Kashmir: Central University of Kashmir
Central University of South Bihar: Central University of South Bihar
Central University of Tamil Nadu: Central University of Tamil Nadu
Central University, India: Central University, India
Chanakya National Law University: Chanakya National Law University
Chandigarh University: Chandigarh University
Chandra Shekhar Azad University of Agriculture & Technology: Chandra Shekhar Azad University of Agriculture & Technology
Charotar University of Science and Technology: Charotar University of Science and Technology
Chaudhary Bansi Lal University: Chaudhary Bansi Lal University
Chaudhary Charan Singh Haryana Agricultural University: Chaudhary Charan Singh Haryana Agricultural University
Chaudhary Charan Singh University: Chaudhary Charan Singh University
Chaudhary Devi Lal University: Chaudhary Devi Lal University
Chaudhary Ranbir Singh University: Chaudhary Ranbir Singh University
Chaudhary Sarwan Kumar Himachal Pradesh Krishi Vishvavidyalaya: Chaudhary Sarwan Kumar Himachal Pradesh Krishi Vishvavidyalaya
Chennai Mathematical Institute: Chennai Mathematical Institute
Chettinad University: Chettinad University
Chhatrapati Shahu Ji Maharaj University: Chhatrapati Shahu Ji Maharaj University
Chhattisgarh Kamdhenu Vishwavidyalaya: Chhattisgarh Kamdhenu Vishwavidyalaya
Chhattisgarh Swami Vivekanand Technical University: Chhattisgarh Swami Vivekanand Technical University
Chitkara University: Chitkara University
Chitrakoot, Madhya Pradesh: Chitrakoot, Madhya Pradesh
Christ University: Christ University
Christian Theology: Christian Theology
Cluster University of Jammu: Cluster University of Jammu
Cluster University of Srinagar: Cluster University of Srinagar
Cochin University of Science and Technology: Cochin University of Science and Technology
College of Engineering, Guindy: College of Engineering, Guindy
Cotton College State University: Cotton College State University
Damodaram Sanjivayya National Law University: Damodaram Sanjivayya National Law University
Davangere University: Davangere University
Dayalbagh Educational Institute: Dayalbagh Educational Institute
Deccan College Post-Graduate and Research Institute: Deccan College Post-Graduate and Research Institute
Deen Dayal Upadhyay Gorakhpur University: Deen Dayal Upadhyay Gorakhpur University
Deenbandhu Chhotu Ram University of Science and Technology: Deenbandhu Chhotu Ram University of Science and Technology
Defence Institute of Advanced Technology: Defence Institute of Advanced Technology
Defense industry: Defense industry
Delhi Pharmaceutical Science and Research University: Delhi Pharmaceutical Science and Research University
Delhi Technological University: Delhi Technological University
Department of Personnel and Administrative Reforms (Tamil Nadu) (page does not exist): Department of Personnel and Administrative Reforms (Tamil Nadu) (page does not exist)
Devi Ahilya University: Devi Ahilya University
Dharamsinh Desai University: Dharamsinh Desai University
Dhirubhai Ambani Institute of Information and Communication Technology: Dhirubhai Ambani Institute of Information and Communication Technology
Diamond Harbour Women's University: Diamond Harbour Women's University
Dibrugarh University: Dibrugarh University
Dr. A.P.J. Abdul Kalam Technical University: Dr. A.P.J. Abdul Kalam Technical University
Dr. B. R. Ambedkar University: Dr. B. R. Ambedkar University
Dr. B.R. Ambedkar University, Srikakulam: Dr. B.R. Ambedkar University, Srikakulam
Dr. Babasaheb Ambedkar Marathwada University: Dr. Babasaheb Ambedkar Marathwada University
Dr. Babasaheb Ambedkar Technological University: Dr. Babasaheb Ambedkar Technological University
Dr. Balasaheb Sawant Konkan Krishi Vidyapeeth: Dr. Balasaheb Sawant Konkan Krishi Vidyapeeth
Dr. C. V. Raman University: Dr. C. V. Raman University
Dr. Hari Singh Gour University: Dr. Hari Singh Gour University
Dr. M.G.R. Educational and Research Institute: Dr. M.G.R. Educational and Research Institute
Dr. Nandamuri Taraka Rama Rao University of Health Sciences, Andhra Pradesh: Dr. Nandamuri Taraka Rama Rao University of Health Sciences, Andhra Pradesh
Dr. Panjabrao Deshmukh Krishi Vidyapeeth: Dr. Panjabrao Deshmukh Krishi Vidyapeeth
Dr. Ram Manohar Lohia Avadh University: Dr. Ram Manohar Lohia Avadh University
Dr. Ram Manohar Lohiya National Law University: Dr. Ram Manohar Lohiya National Law University
Dr. Shakuntala Misra National Rehabilitation University: Dr. Shakuntala Misra National Rehabilitation University
Dr. Y.S.R. Horticultural University: Dr. Y.S.R. Horticultural University
Dr. Yashwant Singh Parmar University of Horticulture and Forestry: Dr. Yashwant Singh Parmar University of Horticulture and Forestry
Dravidian University: Dravidian University
Durg University: Durg University
Eastern Institute for Integrated Learning in Management University: Eastern Institute for Integrated Learning in Management University
Engineering, Science, Pharmacy, Management (page does not exist): Engineering, Science, Pharmacy, Management (page does not exist)
English and Foreign Languages University: English and Foreign Languages University
Eternal University: Eternal University
Fore School of Management: Fore School of Management
GD Goenka University: GD Goenka University
GH Raisoni University: GH Raisoni University
GLA University: GLA University
Galgotias University: Galgotias University
Gandhi Institute of Technology and Management: Gandhi Institute of Technology and Management
Gandhigram Rural Institute: Gandhigram Rural Institute
Ganpat University: Ganpat University
Gauhati University: Gauhati University
Gautam Buddha University: Gautam Buddha University
Gautam Budh Nagar district: Gautam Budh Nagar district
Goa University: Goa University
Gokhale Institute of Politics and Economics: Gokhale Institute of Politics and Economics
Government College of Engineering, Tirunelveli: Government College of Engineering, Tirunelveli
Gulbarga University: Gulbarga University
Guru Ghasidas University: Guru Ghasidas University
Guru Gobind Singh Indraprastha University: Guru Gobind Singh Indraprastha University
Guru Jambheshwar University of Science and Technology: Guru Jambheshwar University of Science and Technology
Harcourt Butler Technical University: Harcourt Butler Technical University
Haryana Institute of Civil Aviation: Haryana Institute of Civil Aviation
Haryana Vishwakarma Skill University: Haryana Vishwakarma Skill University
Hidayatullah National Law University: Hidayatullah National Law University
Himachal Pradesh Technical University: Himachal Pradesh Technical University
Himachal Pradesh University: Himachal Pradesh University
Himalayan University: Himalayan University
Hindustan University: Hindustan University
Homi Bhabha National Institute: Homi Bhabha National Institute
ICFAI University, Raipur: ICFAI University, Raipur
ICFAI University: ICFAI University
IEC University: IEC University
IFTM University: IFTM University
IIT Kharagpur: IIT Kharagpur
ITM University (Gwalior): ITM University (Gwalior)
Indian Agricultural Research Institute: Indian Agricultural Research Institute
Indian Institute of Astrophysics: Indian Institute of Astrophysics
Indian Institute of Chemical Biology: Indian Institute of Chemical Biology
Indian Institute of Crop Processing Technology: Indian Institute of Crop Processing Technology
Indian Institute of Foreign Trade: Indian Institute of Foreign Trade
Indian Institute of Forest Management: Indian Institute of Forest Management
Indian Institute of Handloom Technology: Indian Institute of Handloom Technology
Indian Institute of Information Technology Design & Manufacturing Kancheepuram: Indian Institute of Information Technology Design & Manufacturing Kancheepuram
Indian Institute of Information Technology and Management, Gwalior: Indian Institute of Information Technology and Management, Gwalior
Indian Institute of Information Technology, Design and Manufacturing, Jabalpur: Indian Institute of Information Technology, Design and Manufacturing, Jabalpur
Indian Institute of Information Technology: Indian Institute of Information Technology
Indian Institute of Management Bangalore: Indian Institute of Management Bangalore
Indian Institute of Management Indore: Indian Institute of Management Indore
Indian Institute of Management Kashipur: Indian Institute of Management Kashipur
Indian Institute of Management Rohtak: Indian Institute of Management Rohtak
Indian Institute of Management Tiruchirappalli: Indian Institute of Management Tiruchirappalli
Indian Institute of Management: Indian Institute of Management
Indian Institute of Mass Communication: Indian Institute of Mass Communication
Indian Institute of Petroleum and Energy: Indian Institute of Petroleum and Energy
Indian Institute of Science Education and Research, Bhopal: Indian Institute of Science Education and Research, Bhopal
Indian Institute of Science Education and Research, Kolkata: Indian Institute of Science Education and Research, Kolkata
Indian Institute of Science Education and Research: Indian Institute of Science Education and Research
Indian Institute of Science: Indian Institute of Science
Indian Institute of Space Science and Technology: Indian Institute of Space Science and Technology
Indian Institute of Technology Delhi: Indian Institute of Technology Delhi
Indian Institute of Technology Hyderabad: Indian Institute of Technology Hyderabad
Indian Institute of Technology Indore: Indian Institute of Technology Indore
Indian Institute of Technology Madras: Indian Institute of Technology Madras
Indian Institute of Technology Palakkad: Indian Institute of Technology Palakkad
Indian Institute of Technology Roorkee: Indian Institute of Technology Roorkee
Indian Institute of Technology, Delhi: Indian Institute of Technology, Delhi
Indian Institute of Technology, Patna: Indian Institute of Technology, Patna
Indian Institute of Technology: Indian Institute of Technology
Indian Law Institute: Indian Law Institute
Indian Maritime University - Visakhapatnam Campus: Indian Maritime University - Visakhapatnam Campus
Indian Maritime University: Indian Maritime University
Indian National Defence University: Indian National Defence University
Indian Statistical Institute: Indian Statistical Institute
Indian Veterinary Research Institute: Indian Veterinary Research Institute
Indira Gandhi Agricultural University: Indira Gandhi Agricultural University
Indira Gandhi Delhi Technical University for Women: Indira Gandhi Delhi Technical University for Women
Indira Gandhi Institute of Development Research: Indira Gandhi Institute of Development Research
Indira Gandhi National Open University: Indira Gandhi National Open University
Indira Gandhi National Tribal University: Indira Gandhi National Tribal University
Indira Gandhi Technological and Medical Sciences University: Indira Gandhi Technological and Medical Sciences University
Indira Gandhi University Meerpur, Rewari: Indira Gandhi University Meerpur, Rewari
Indira Kala Sangeet Vishwavidyalaya: Indira Kala Sangeet Vishwavidyalaya
Indraprastha Institute of Information Technology: Indraprastha Institute of Information Technology
IndusUniversity: IndusUniversity
Institute for excellence in higher education (page does not exist): Institute for excellence in higher education (page does not exist)
Institute of Chartered Financial Analysts of India: Institute of Chartered Financial Analysts of India
Institute of Chemical Technology: Institute of Chemical Technology
Institute of Liver and Biliary Sciences: Institute of Liver and Biliary Sciences
Institute of Mathematical Sciences, Chennai: Institute of Mathematical Sciences, Chennai
Integral University (Lucknow): Integral University (Lucknow)
International Institute for Population Sciences: International Institute for Population Sciences
International Institute of Information Technology, Bangalore: International Institute of Information Technology, Bangalore
International Institute of Information Technology, Hyderabad: International Institute of Information Technology, Hyderabad
Invertis University: Invertis University
Islamic University of Science and Technology: Islamic University of Science and Technology
JIS University: JIS University
Jabalpur Engineering College: Jabalpur Engineering College
Jadavpur University: Jadavpur University
Jagadguru Rambhadracharya Handicapped University: Jagadguru Rambhadracharya Handicapped University
Jagadguru Sri Shivarathreeshwara University: Jagadguru Sri Shivarathreeshwara University
Jagan Nath University, NCR: Jagan Nath University, NCR
Jagran Lakecity University: Jagran Lakecity University
Jai Prakash University: Jai Prakash University
Jain University: Jain University
Jamia Millia Islamia: Jamia Millia Islamia
Jawaharlal Nehru Agricultural University: Jawaharlal Nehru Agricultural University
Jawaharlal Nehru Centre for Advanced Scientific Research: Jawaharlal Nehru Centre for Advanced Scientific Research
Jawaharlal Nehru Technological University, Anantapur: Jawaharlal Nehru Technological University, Anantapur
Jawaharlal Nehru Technological University, Hyderabad: Jawaharlal Nehru Technological University, Hyderabad
Jawaharlal Nehru Technological University, Kakinada: Jawaharlal Nehru Technological University, Kakinada
Jawaharlal Nehru University: Jawaharlal Nehru University
Jaypee Institute of Information Technology: Jaypee Institute of Information Technology
Jaypee University of Engineering and Technology: Jaypee University of Engineering and Technology
Jaypee University of Information Technology: Jaypee University of Information Technology
Jiwaji University: Jiwaji University
K L University: K L University
KR Mangalam University: KR Mangalam University
Kadi Sarva Vishwavidyalaya: Kadi Sarva Vishwavidyalaya
Kakatiya University: Kakatiya University
Kalasalingam University: Kalasalingam University
Kalinga University: Kalinga University
Kaloji Narayana Rao University of Health Sciences: Kaloji Narayana Rao University of Health Sciences
Kameshwar Singh Darbhanga Sanskrit University: Kameshwar Singh Darbhanga Sanskrit University
Kannada University: Kannada University
Kannur University: Kannur University
Karnatak Lingayat Education Society: Karnatak Lingayat Education Society
Karnatak University: Karnatak University
Karnataka Folklore University, Haveri: Karnataka Folklore University, Haveri
Karnataka State Law University: Karnataka State Law University
Karnataka State Music University, Mysore: Karnataka State Music University, Mysore
Karnataka State Open University: Karnataka State Open University
Karnataka State Women's University: Karnataka State Women's University
Karnataka Veterinary, Animal and Fisheries Sciences University: Karnataka Veterinary, Animal and Fisheries Sciences University
Karpagam University: Karpagam University
Karunya University: Karunya University
Kavikulguru Kalidas Sanskrit University: Kavikulguru Kalidas Sanskrit University
Kazi Nazrul University: Kazi Nazrul University
Kaziranga University: Kaziranga University
Kerala Agricultural University: Kerala Agricultural University
Kerala Kalamandalam: Kerala Kalamandalam
Kerala University of Fisheries and Ocean Studies: Kerala University of Fisheries and Ocean Studies
Kerala University of Health Sciences: Kerala University of Health Sciences
Kerala Veterinary and Animal Sciences University: Kerala Veterinary and Animal Sciences University
Khwaja Moinuddin Chishti Urdu, Arabi~Farsi University: Khwaja Moinuddin Chishti Urdu, Arabi~Farsi University
King George's Medical University: King George's Medical University
Kolhan University: Kolhan University
Krishna Kanta Handique State Open University: Krishna Kanta Handique State Open University
Krishna University: Krishna University
Kumar Bhaskar Varma Sanskrit and Ancient Studies University: Kumar Bhaskar Varma Sanskrit and Ancient Studies University
Kurukshetra University: Kurukshetra University
Kushabhau Thakre Patrakarita Avam Jansanchar University: Kushabhau Thakre Patrakarita Avam Jansanchar University
Kuvempu University: Kuvempu University
Lakshmibai National University of Physical Education: Lakshmibai National University of Physical Education
Lala Lajpat Rai University of Veterinary and Animal Sciences: Lala Lajpat Rai University of Veterinary and Animal Sciences
Lalit Narayan Mithila University: Lalit Narayan Mithila University
Lingaya's University: Lingaya's University
M S Ramaiah University of Applied Sciences: M S Ramaiah University of Applied Sciences
M. J. P. Rohilkhand University: M. J. P. Rohilkhand University
MATS University: MATS University
MVN University: MVN University
Madan Mohan Malaviya University of Technology: Madan Mohan Malaviya University of Technology
Madhya Pradesh Bhoj Open University: Madhya Pradesh Bhoj Open University
Madhya Pradesh Medical Science University: Madhya Pradesh Medical Science University
Madras Institute of Development Studies: Madras Institute of Development Studies
Madras Institute of Technology: Madras Institute of Technology
Madurai Kamaraj University: Madurai Kamaraj University
Magadh University: Magadh University
Mahapurusha Srimanta Sankaradeva Viswavidyalaya: Mahapurusha Srimanta Sankaradeva Viswavidyalaya
Maharaja Agrasen University: Maharaja Agrasen University
Maharaja Chhatrasal Bundelkhand University: Maharaja Chhatrasal Bundelkhand University
Maharana Pratap Horticultural University, Karnal (page does not exist): Maharana Pratap Horticultural University, Karnal (page does not exist)
Maharashtra Animal and Fishery Sciences University: Maharashtra Animal and Fishery Sciences University
Maharashtra University of Health Sciences: Maharashtra University of Health Sciences
Maharishi Mahesh Yogi Vedic Vishwavidyalaya: Maharishi Mahesh Yogi Vedic Vishwavidyalaya
Maharishi Markandeshwar University, Mullana: Maharishi Markandeshwar University, Mullana
Maharishi University of Management and Technology: Maharishi University of Management and Technology
Maharshi Dayanand University: Maharshi Dayanand University
Mahatma Gandhi Antarrashtriya Hindi Vishwavidyalaya: Mahatma Gandhi Antarrashtriya Hindi Vishwavidyalaya
Mahatma Gandhi Central University: Mahatma Gandhi Central University
Mahatma Gandhi Chitrakoot Gramoday University: Mahatma Gandhi Chitrakoot Gramoday University
Mahatma Gandhi Kashi Vidyapeeth: Mahatma Gandhi Kashi Vidyapeeth
Mahatma Gandhi University, Nalgonda: Mahatma Gandhi University, Nalgonda
Mahatma Gandhi University: Mahatma Gandhi University
Mahatma Phule Krishi Vidyapeeth: Mahatma Phule Krishi Vidyapeeth
Makhanlal Chaturvedi National University of Journalism and Communication: Makhanlal Chaturvedi National University of Journalism and Communication
Manav Bharti University: Manav Bharti University
Manav Rachna International University: Manav Rachna International University
Mandsaur University: Mandsaur University
Mangalayatan University: Mangalayatan University
Mangalore University: Mangalore University
Manipal University: Manipal University
Manonmaniam Sundaranar University: Manonmaniam Sundaranar University
Maulana Abul Kalam Azad University of Technology: Maulana Abul Kalam Azad University of Technology
Maulana Azad National Institute of Technology: Maulana Azad National Institute of Technology
Maulana Azad National Urdu University: Maulana Azad National Urdu University
Maulana Mazharul Haque Arabic and Persian University: Maulana Mazharul Haque Arabic and Persian University
Meenakshi Academy of Higher Education and Research: Meenakshi Academy of Higher Education and Research
Mohammad Ali Jauhar University: Mohammad Ali Jauhar University
Monad University: Monad University
Mother Teresa Women's University: Mother Teresa Women's University
Mudra Institute of Communications, Ahmedabad: Mudra Institute of Communications, Ahmedabad
Multimedia Computer Institute (page does not exist): Multimedia Computer Institute (page does not exist)
Munger University (page does not exist): Munger University (page does not exist)
NIILM University: NIILM University
Nagpur District: Nagpur District
Nalanda International University: Nalanda International University
Nalanda Open University: Nalanda Open University
Nalsar University of Law: Nalsar University of Law
Namchi & Geyzing (page does not exist): Namchi & Geyzing (page does not exist)
Nanaji Deshmukh Veterinary Science University: Nanaji Deshmukh Veterinary Science University
Narendra Dev University of Agriculture and Technology: Narendra Dev University of Agriculture and Technology
Narsee Monjee Institute of Management Studies: Narsee Monjee Institute of Management Studies
National Backward Krushi Vidyapeet Solapur: National Backward Krushi Vidyapeet Solapur
National Brain Research Centre: National Brain Research Centre
National Dairy Research Institute: National Dairy Research Institute
National Institute of Design, Bangalore: National Institute of Design, Bangalore
National Institute of Fashion Technology: National Institute of Fashion Technology
National Institute of Food Technology Entrepreneurship and Management: National Institute of Food Technology Entrepreneurship and Management
National Institute of Technology Andhra Pradesh: National Institute of Technology Andhra Pradesh
National Institute of Technology Sikkim: National Institute of Technology Sikkim
National Institute of Technology Surathkal: National Institute of Technology Surathkal
National Institute of Technology Tiruchirappalli: National Institute of Technology Tiruchirappalli
National Institute of Technology Uttarakhand: National Institute of Technology Uttarakhand
National Institute of Technology, Delhi: National Institute of Technology, Delhi
National Institute of Technology, Durgapur: National Institute of Technology, Durgapur
National Institute of Technology, Puducherry: National Institute of Technology, Puducherry
National Institute of Technology, Warangal: National Institute of Technology, Warangal
National Institute of Technology: National Institute of Technology
National Law Institute University: National Law Institute University
National Law School of India University: National Law School of India University
National Law University, Delhi: National Law University, Delhi
National Law University, Sonipat: National Law University, Sonipat
National Museum Institute of the History of Art, Conservation and Museology: National Museum Institute of the History of Art, Conservation and Museology
National School of Drama: National School of Drama
National University of Advanced Legal Studies: National University of Advanced Legal Studies
National University of Educational Planning and Administration: National University of Educational Planning and Administration
Nava Nalanda Mahavihara: Nava Nalanda Mahavihara
Naval Architecture: Naval Architecture
Nehru Gram Bharti University (page does not exist): Nehru Gram Bharti University (page does not exist)
Neotia University: Neotia University
Netaji Subhas Open University: Netaji Subhas Open University
Nilamber-Pitamber University: Nilamber-Pitamber University
Nirma University of Science and Technology: Nirma University of Science and Technology
Nitte University: Nitte University
Noida International University: Noida International University
Noorul Islam University: Noorul Islam University
North East Frontier Technical University (NEFTU): North East Frontier Technical University (NEFTU)
North Eastern Regional Institute of Science and Technology: North Eastern Regional Institute of Science and Technology
North Maharashtra University: North Maharashtra University
O. P. Jindal Global University: O. P. Jindal Global University
O.P. Jindal University: O.P. Jindal University
Oriental University: Oriental University
Osmania University: Osmania University
PDM University: PDM University
PEC University of Technology: PEC University of Technology
PES University: PES University
PK University (page does not exist): PK University (page does not exist)
Palamuru University: Palamuru University
Pandit Bhagwat Dayal Sharma University of Health Sciences: Pandit Bhagwat Dayal Sharma University of Health Sciences
Pandit Deendayal Petroleum University: Pandit Deendayal Petroleum University
Pandit Ravishankar Shukla University: Pandit Ravishankar Shukla University
Pandit Sundarlal Sharma (Open) University: Pandit Sundarlal Sharma (Open) University
Panjab University: Panjab University
Parul University: Parul University
Patna University: Patna University
People's University: People's University
Periyar Maniammai University: Periyar Maniammai University
Periyar University: Periyar University
Postgraduate Institute of Medical Education and Research: Postgraduate Institute of Medical Education and Research
Potti Sreeramulu Telugu University: Potti Sreeramulu Telugu University
Presidency University, Bangalore: Presidency University, Bangalore
Presidency University, Kolkata: Presidency University, Kolkata
Prestige institute of management & research (page does not exist): Prestige institute of management & research (page does not exist)
Prist University: Prist University
Private university (India): Private university (India)
Private university: Private university
Professor Jayashankar Telangana State Agricultural University: Professor Jayashankar Telangana State Agricultural University
Purnea University (page does not exist): Purnea University (page does not exist)
REVA University: REVA University
RK University: RK University
RKDF University: RKDF University
Rabindra Bharati University: Rabindra Bharati University
Rai Technology University: Rai Technology University
Rai University: Rai University
Rajendra Agricultural University: Rajendra Agricultural University
Rajiv Gandhi National Aviation University: Rajiv Gandhi National Aviation University
Rajiv Gandhi Technical University: Rajiv Gandhi Technical University
Rajiv Gandhi University of Health Sciences: Rajiv Gandhi University of Health Sciences
Rajiv Gandhi University of Knowledge Technologies, Nuzvid: Rajiv Gandhi University of Knowledge Technologies, Nuzvid
Rajiv Gandhi University of Knowledge Technologies: Rajiv Gandhi University of Knowledge Technologies
Rajiv Gandhi University: Rajiv Gandhi University
Rajmata Vijayaraje Scindia Krishi Vishwavidyalaya: Rajmata Vijayaraje Scindia Krishi Vishwavidyalaya
Rama University: Rama University
Ramakrishna Mission Vivekananda University - Coimbatore Campus: Ramakrishna Mission Vivekananda University - Coimbatore Campus
Ramakrishna Mission Vivekananda University: Ramakrishna Mission Vivekananda University
Ranchi University: Ranchi University
Rani Channamma University, Belgaum: Rani Channamma University, Belgaum
Rani Durgavati University: Rani Durgavati University
Rashtrasant Tukadoji Maharaj Nagpur University: Rashtrasant Tukadoji Maharaj Nagpur University
Rashtriya Sanskrit Sansthan: Rashtriya Sanskrit Sansthan
Rashtriya Sanskrit Vidyapeetha: Rashtriya Sanskrit Vidyapeetha
Rayalaseema University: Rayalaseema University
Royal Global University: Royal Global University
SRM University, Sikkim: SRM University, Sikkim
SRM University: SRM University
Sampurnanand Sanskrit University: Sampurnanand Sanskrit University
Sant Gadge Baba Amravati University: Sant Gadge Baba Amravati University
Santosh University: Santosh University
Sardar Vallabhbhai Patel International School of Textiles & Management: Sardar Vallabhbhai Patel International School of Textiles & Management
Sardar Vallabhbhai Patel University of Agriculture and Technology: Sardar Vallabhbhai Patel University of Agriculture and Technology
Sarguja University: Sarguja University
Sarvepalli Radhakrishnan University: Sarvepalli Radhakrishnan University
Satavahana University: Satavahana University
Sathyabama University: Sathyabama University
Saveetha University: Saveetha University
Savitribai Phule Pune University: Savitribai Phule Pune University
School of Inspired Leadership: School of Inspired Leadership
School of Planning and Architecture, Bhopal: School of Planning and Architecture, Bhopal
School of Planning and Architecture, Delhi: School of Planning and Architecture, Delhi
School of Planning and Architecture, Vijayawada: School of Planning and Architecture, Vijayawada
Seacom Skills University: Seacom Skills University
Senate of Serampore College (University): Senate of Serampore College (University)
Serampore College: Serampore College
Shanmugha Arts, Science, Technology & Research Academy: Shanmugha Arts, Science, Technology & Research Academy
Sharda University: Sharda University
Sher-e-Kashmir University of Agricultural Sciences and Technology of Jammu: Sher-e-Kashmir University of Agricultural Sciences and Technology of Jammu
Sher-e-Kashmir University of Agricultural Sciences and Technology of Kashmir: Sher-e-Kashmir University of Agricultural Sciences and Technology of Kashmir
Shiv Nadar University: Shiv Nadar University
Shivaji University: Shivaji University
Shobhit University: Shobhit University
Shoolini University: Shoolini University
Shree Guru Gobind Singh Tricentenary University: Shree Guru Gobind Singh Tricentenary University
Shreemati Nathibai Damodar Thackersey Women's University: Shreemati Nathibai Damodar Thackersey Women's University
Shri B. M. Patil Medical College: Shri B. M. Patil Medical College
Shri Govindram Seksaria Institute of Technology and Science: Shri Govindram Seksaria Institute of Technology and Science
Shri Lal Bahadur Shastri Rashtriya Sanskrit Vidyapeetha: Shri Lal Bahadur Shastri Rashtriya Sanskrit Vidyapeetha
Shri Mata Vaishno Devi University: Shri Mata Vaishno Devi University
Shri Venkateshwara University: Shri Venkateshwara University
Siddharth Nagar District: Siddharth Nagar District
Siddharth University: Siddharth University
Sidho Kanho Birsha University: Sidho Kanho Birsha University
Sido Kanhu University: Sido Kanhu University
Sikkim Manipal University: Sikkim Manipal University
Sikkim University: Sikkim University
Skill India: Skill India
Skyline Business School: Skyline Business School
Solapur University: Solapur University
South Asian University: South Asian University
Sree Chitra Tirunal Institute for Medical Sciences and Technology: Sree Chitra Tirunal Institute for Medical Sciences and Technology
Sree Sankaracharya University of Sanskrit: Sree Sankaracharya University of Sanskrit
Sri Chandrasekharendra Saraswathi Viswa Mahavidyalaya: Sri Chandrasekharendra Saraswathi Viswa Mahavidyalaya
Sri Devaraj Urs Medical College: Sri Devaraj Urs Medical College
Sri Konda Laxman Telangana State Horticultural University: Sri Konda Laxman Telangana State Horticultural University
Sri Krishnadevaraya University: Sri Krishnadevaraya University
Sri Padmavati Mahila Visvavidyalayam: Sri Padmavati Mahila Visvavidyalayam
Sri Ramachandra Medical College and Research Institute: Sri Ramachandra Medical College and Research Institute
Sri Sai University: Sri Sai University
Sri Sathya Sai University: Sri Sathya Sai University
Sri Siddhartha Academy of Higher Education: Sri Siddhartha Academy of Higher Education
Sri Venkateswara University: Sri Venkateswara University
Srimanta Sankaradeva University of Health Sciences: Srimanta Sankaradeva University of Health Sciences
Swami Ramanand Teerth Marathwada University: Swami Ramanand Teerth Marathwada University
Swami Vivekanand Subharti University: Swami Vivekanand Subharti University
Swami Vivekanand University, Madhya Pradesh: Swami Vivekanand University, Madhya Pradesh
Swami Vivekananda Yoga Anusandhana Samsthana: Swami Vivekananda Yoga Anusandhana Samsthana
Symbiosis International University: Symbiosis International University
TERI University: TERI University
Tamil Nadu Agricultural University: Tamil Nadu Agricultural University
Tamil Nadu Dr. Ambedkar Law University: Tamil Nadu Dr. Ambedkar Law University
Tamil Nadu Fisheries University: Tamil Nadu Fisheries University
Tamil Nadu Horticulture University: Tamil Nadu Horticulture University
Tamil Nadu National Law School: Tamil Nadu National Law School
Tamil Nadu Open University: Tamil Nadu Open University
Tamil Nadu Physical Education and Sports University: Tamil Nadu Physical Education and Sports University
Tamil Nadu Teachers Education University: Tamil Nadu Teachers Education University
Tamil Nadu Veterinary and Animal Sciences University: Tamil Nadu Veterinary and Animal Sciences University
Tamil University: Tamil University
Tamil Virtual Academy: Tamil Virtual Academy
Tata Institute of Fundamental Research: Tata Institute of Fundamental Research
Tata Institute of Social Sciences: Tata Institute of Social Sciences
Techno Global University: Techno Global University
Techno India University: Techno India University
Teerthanker Mahaveer University: Teerthanker Mahaveer University
Telangana University: Telangana University
Tezpur University: Tezpur University
The Glocal University: The Glocal University
The Northcap University: The Northcap University
The Sanskrit College and University: The Sanskrit College and University
The Tamil Nadu Dr. M. G. R. Medical University: The Tamil Nadu Dr. M. G. R. Medical University
Thiruvalluvar University: Thiruvalluvar University
Thunchath Ezhuthachan Malayalam University: Thunchath Ezhuthachan Malayalam University
Tilak Maharashtra University: Tilak Maharashtra University
Tilka Manjhi Bhagalpur University: Tilka Manjhi Bhagalpur University
Tumkur University: Tumkur University
U.P. Pt. Deen Dayal Upadhyay Pashu Chikitsa Vigyan Vishwavidyalaya Evam Go-Ansundhan Sansthan: U.P. Pt. Deen Dayal Upadhyay Pashu Chikitsa Vigyan Vishwavidyalaya Evam Go-Ansundhan Sansthan
Uka Tarsadia University: Uka Tarsadia University
University of Agricultural Sciences, Bangalore: University of Agricultural Sciences, Bangalore
University of Agricultural Sciences, Dharwad: University of Agricultural Sciences, Dharwad
University of Agricultural Sciences, Raichur: University of Agricultural Sciences, Raichur
University of Agricultural and Horticultural Sciences, Shivamogga: University of Agricultural and Horticultural Sciences, Shivamogga
University of Allahabad: University of Allahabad
University of Burdwan: University of Burdwan
University of Calcutta: University of Calcutta
University of Calicut: University of Calicut
University of Delhi: University of Delhi
University of Engineering & Management (UEM), Kolkata: University of Engineering & Management (UEM), Kolkata
University of Gour Banga: University of Gour Banga
University of Horticultural Sciences, Bagalkot: University of Horticultural Sciences, Bagalkot
University of Hyderabad: University of Hyderabad
University of Jammu: University of Jammu
University of Kalyani: University of Kalyani
University of Kashmir: University of Kashmir
University of Kerala: University of Kerala
University of Lucknow: University of Lucknow
University of Madras: University of Madras
University of Mumbai: University of Mumbai
University of Mysore: University of Mysore
University of North Bengal: University of North Bengal
Uttar Banga Krishi Vishwavidyalaya: Uttar Banga Krishi Vishwavidyalaya
Uttar Pradesh Rajarshi Tandon Open University: Uttar Pradesh Rajarshi Tandon Open University
Uttar Pradesh University of Medical Sciences: Uttar Pradesh University of Medical Sciences
VIT University: VIT University
Vasantrao Naik Marathwada Agricultural University: Vasantrao Naik Marathwada Agricultural University
Veer Bahadur Singh Purvanchal University: Veer Bahadur Singh Purvanchal University
Veer Kunwar Singh University: Veer Kunwar Singh University
Vel Tech Dr.RR & Dr.SR Technical University: Vel Tech Dr.RR & Dr.SR Technical University
Vels University: Vels University
Venkateshwara Open University: Venkateshwara Open University
Vidyasagar University: Vidyasagar University
Vignan University: Vignan University
Vijayanagara Sri Krishnadevaraya University: Vijayanagara Sri Krishnadevaraya University
Vikram University: Vikram University
Vikrama Simhapuri University: Vikrama Simhapuri University
Vinayaka Mission's Research Foundation, Deemed University: Vinayaka Mission's Research Foundation, Deemed University
Vinoba Bhave University: Vinoba Bhave University
Visva-Bharati University: Visva-Bharati University
Visvesvaraya Technological University: Visvesvaraya Technological University
West Bengal National University of Juridical Sciences: West Bengal National University of Juridical Sciences
West Bengal State University: West Bengal State University
West Bengal University of Animal and Fishery Sciences: West Bengal University of Animal and Fishery Sciences
West Bengal University of Health Sciences: West Bengal University of Health Sciences
Xavier Institute of Development Action and Studies: Xavier Institute of Development Action and Studies
YMCA University of Science and Technology: YMCA University of Science and Technology
Yashwantrao Chavan Maharashtra Open University: Yashwantrao Chavan Maharashtra Open University
Yenepoya University: Yenepoya University
Yogi Vemana University: Yogi Vemana University
